Title,
Vice President General Manager Alternate Governor,
Vice President Marketing Industry and Government Affairs,
VP Product Management,
Director of Finance & Controller,
Director of Engineering,
"Executive Assistant, and Operations Support Manager",
"Learning Manager, Global Sales Capabilities",
Chief Business Officer,
"Global VP, Customer Success",
"Sr. Director, CS Supportability & Tools",
President & CEO,
Executive Assistant to President and CEO,
"Sr. Director, IT Architecture",
Sr. Manager - Business Applications,
CFO,
Salesforce Solution Architect,
"Director, Application Services",
"Sr. AE, Mid Market (Florida and Atlanta)",
AE,
AE,
Salesforce Developer,
Sales Director,
Sales Operations Manager,
Director of Marketing Operations,
Account Executive - Service Cloud,
System Admin - Salesforce,
Client Solutions Specialist,
Director of Recruiting,
Sr Director of Finance,
Account Executive - Mid-Commercial,
Online Marketing Analys,
Receptionist,
VP Strategy,
"Director, Sales Enablement",
Digital Account Manager,
Vice President of Enablement,
VP of Finance,
"Director, Database Strategy",
CRM Director,
Email Systems,
Asst director of development operations,
"General Manager, Casualty Services Group",
National Sales Manager (Indirect Channel),
Marketing Director,
HR,
"Director, Product Management",
"Senior Team Lead, Sales Development",
Marketing Cloud Account Executive - Financial Services,
?Account Executive - Financial Services,
AD - MFG EBU (Top 100 - Central Jeffrey Selewski),
AD - MFG EBU (Top 100 - Central),
RVP - MFG Large Ent - East,